,Reward,Average Reward
0,2.869591224388941,2.869591224388941
1,-78.87787233833762,-38.00414055697434
2,-176.51588539544431,-84.17472216979768
3,-93.46585670072696,-86.49750580252999
4,-89.53883772316865,-87.10577218665772
5,-367.505244215863,-133.8390175248586
6,-114.80833077971786,-131.1203479898385
7,-124.26474538220306,-130.26339766388406
8,-112.1544001499773,-128.25128682900555
9,-240.26852905563985,-139.45301105166897
10,-508.38732978717326,-172.99249457307846
11,-61.86700971865592,-163.7320375018766
12,-374.082143869415,-179.91281491476414
13,-418.0886097826489,-196.92537169104162
14,-159.56647314480995,-194.43477845462618
15,-181.98427787013114,-193.65662216809525
16,-259.11821072967615,-197.50730384818826
17,-332.64745948024796,-205.01509027219157
18,-132.3970108992921,-201.19308609467055
19,-122.3858170929189,-197.25272264458297
20,-79.15477687722365,-191.62901094137538
21,-302.9653364056111,-196.68975300793156
22,-98.22872543033301,-192.40883876542728
23,-68.4749461283402,-187.2449265722153
24,-68.3542025727397,-182.48929761223627
25,-143.0406345224498,-180.97204133955216
26,-111.52904984997849,-178.4000786917902
27,-329.3720721674694,-183.79193560163588
28,-131.5869884156917,-181.99176500901712
29,-83.33158766928454,-178.70309243102602
30,-171.62711844599093,-178.4748352057023
31,-67.36286738547514,-175.0025862113202
32,-158.90015836949323,-174.51463385247695
33,-241.10100600026476,-176.473056562706
34,-331.56447720161134,-180.90424000953186
35,-155.46646576487962,-180.19763516940264
36,-193.90795004872018,-180.56818422019504
37,-346.45686986981934,-184.9336759478167
38,-198.90246025023288,-185.29184990428894
39,-140.34182375963968,-184.1680992506727
40,-275.3467225418667,-186.39196811143356
41,-70.12878129534852,-183.62379699676487
42,-318.1199504378111,-186.75161451864966
43,-304.6319935750068,-189.43071404265777
44,-246.51979228158476,-190.69936022574504
45,-185.13617418196233,-190.57842139870627
46,-68.90016187025708,-187.9895222598031
47,-296.3576896435146,-190.24719241363042
48,-117.99457854291333,-188.7726492734117
49,-220.35029929310565,-189.4042022738056
50,-171.79410879839963,-189.05890632330747
51,-81.81720135265684,-186.99656584310262
52,-73.02545365420195,-184.84616749991582
53,-60.67935079585237,-182.54678200539612
54,-84.2362369172166,-180.7593175492474
55,-114.04554775228947,-179.56800023144456
56,-78.3014623372059,-177.79139430347544
57,16.8156250317018,-174.43610086666203
58,-241.35331163080605,-175.57029087961362
59,-98.21398521955557,-174.28101911861268
60,-107.6702603933015,-173.18903946737805
61,0.3188358680883283,-170.39052534906406
62,-78.62528342362218,-168.9339342073904
63,-168.57962628123295,-168.92839814604423
64,-191.81075549984837,-169.28043441302583
65,-76.35533002875475,-167.8724782859914
66,4.453000482125745,-165.3004562148255
67,-45.74967054274874,-163.54235642553024
68,-123.06741556474914,-162.9557630797218
69,-85.55176050690989,-161.84999161439592
70,-184.93240266798915,-162.17509599543246
71,-104.762293853813,-161.37769596568774
72,-67.74889727920244,-160.0951096823112
73,-94.25188862778873,-159.20533642481766
74,-161.50033102254852,-159.2359363527874
75,-95.9827361721612,-158.40365740304233
76,-271.94958696862375,-159.878279864933
77,-131.34286865456363,-159.51244125967185
78,-62.39338377960057,-158.28308610169628
79,-121.44481206156891,-157.82260767619468
80,-112.44262175703322,-157.26236093645196
81,-109.90276323245931,-156.68480486689106
82,-275.9257656030129,-158.12144294804915
83,-109.34629799102565,-157.54078646046554
84,-80.48086478053428,-156.634199146584
85,-68.51575076637414,-155.60956602588388
86,-100.22239417639295,-154.97293186669432
87,-17.407255158024725,-153.40968554045946
88,-278.16997300230275,-154.81148652317682
89,-118.81264250265832,-154.41149936739328
90,-53.131510623954476,-153.29853245812473
91,-127.08464210899615,-153.0135988673733
92,-104.06982740114012,-152.48732175483318
93,-65.61603193001888,-151.5631590971224
94,-12.813775896365996,-150.10263927395653
95,-83.87981301077394,-149.41281816704836
96,-178.37257655357627,-149.71137237721877
97,-96.32066931933343,-149.16656928479136
98,-65.49637387641067,-148.3214157958178
99,-130.45608400651395,-148.14276247792478
100,-13.629539027934214,-148.307753780448
101,-63.83799488082665,-148.1573550058729
102,-189.82758645169417,-148.2904720164354
103,-81.33764706054968,-148.16918992003363
104,-107.3341524617746,-148.34714306741967
105,-224.03770873135375,-146.9124677125746
106,-75.11904941741548,-146.51557489895154
107,-291.00752195741154,-148.18300266470365
108,-182.62580306283346,-148.8877166938322
109,-123.72522455065598,-147.72228364878237
110,-31.809775994608287,-142.95650811085673
111,-121.46598506649441,-143.55249786433512
112,-89.56543762715344,-140.7073308019125
113,-11.436588401282421,-136.64081058809882
114,-63.50651793045127,-135.68021103595524
115,-76.36978401929136,-134.62406609744684
116,-55.30029671718111,-132.5858869573219
117,-117.87919190373685,-130.43820428155678
118,-42.557521692509646,-129.53980938948897
119,-48.32599847312178,-128.79921120329098
120,19.32160712987252,-127.81444736322004
121,-334.64923105846333,-128.13128630974856
122,-29.67935241246822,-127.4457925795699
123,-81.60540546970059,-127.57709717298349
124,-34.121191909559656,-127.23476706635171
125,-36.42794227721295,-126.16864014389932
126,-107.24208349295155,-126.12577048032905
127,-71.2852106647392,-123.54490186530174
128,-63.54626097890063,-122.86449459093383
129,-203.2125812138494,-124.06330452637948
130,-111.21332706733816,-123.45916661259297
131,-102.08662621119672,-123.80640420085018
132,-96.45541552194754,-123.18195677237472
133,-64.7656173045884,-121.41860288541795
134,-361.5866870678542,-121.7188249840804
135,-10.679824987326015,-120.27095857630488
136,-40.662198841307685,-118.73850106423075
137,-136.51512115703724,-116.63908357710292
138,-61.00654664024438,-115.26012444100303
139,-74.829619804531,-114.60500240145194
140,-62.23048712647845,-112.47384004729807
141,-114.3752631099931,-112.9163048654445
142,-70.43060946085176,-110.43941145567489
143,-145.89194211445792,-108.85201094106941
144,-10.089397396683722,-106.48770699222037
145,-37.78773888521893,-105.01422263925296
146,-72.74986005307255,-105.05271962108112
147,-90.17823311309567,-102.99092505577693
148,-336.30898492113613,-105.17406911955918
149,-40.675255081096196,-103.37731867743906
150,-208.05487631511676,-103.73992635260623
151,-14.702546672426834,-103.06877980580393
152,-99.26524050818558,-103.33117767434378
153,-5.385363519754051,-102.7782378015828
154,-13.652145721549127,-102.07239688962612
155,-236.16059395867097,-103.29354735168995
156,-70.46570957646003,-103.21518982408249
157,-64.73548384982828,-104.03070091289779
158,-40.047275041212416,-102.01764054700185
159,-83.11248990393482,-101.86662559384564
160,-42.14647538431882,-101.21138774375581
161,-18.183364672936218,-101.39640974916605
162,-64.98764906720444,-101.26003340560187
163,13.35990050367434,-99.44063813775281
164,11.474114969445266,-97.40778943305986
165,-63.1864100538957,-97.27610023331128
166,-69.27252505547251,-98.01335548868725
167,-27.932885796006175,-97.83518764121982
168,-87.6261486523135,-97.48077497209546
169,-143.5609582180195,-98.06086694920656
170,20.23194372488803,-96.00922348527779
171,-64.56178500617318,-95.60721839680139
172,11.527564997070172,-94.81445377403867
173,-304.91483763183635,-96.92108326407917
174,-44.78698132324929,-95.75394976708618
175,-50.91736752501572,-95.30329608061471
176,-66.12481129229172,-93.24504832385139
177,-29.61326532282298,-92.22775229053397
178,-36.25556970396493,-91.96637414977761
179,-55.16846844562262,-91.30361071361814
180,-102.02795207789117,-91.19946401682675
181,42.0471047227301,-89.67996533727487
182,-20.033774815500113,-87.12104542939973
183,-79.203042942951,-86.81961287891897
184,-275.5551094385164,-88.77035532549878
185,-29.957419754795055,-88.38477201538299
186,-29.616865403741656,-87.67871672765648
187,-25.844286775628976,-87.76308704383253
188,-91.8730433502104,-85.9001177473116
189,-15.102171778263575,-84.86301304006766
190,-27.92265235361795,-84.61092445736429
191,-35.04812188196614,-83.690559255094
192,-17.636875434317744,-82.82622973542577
193,-25.31895837072098,-82.42325899983281
194,-173.76813235010246,-84.03280256437014
195,-1.7511230795206714,-83.21151566505762
196,-75.55912276292375,-82.1833811271511
197,3.173550063312482,-81.18843893332465
198,-44.34066597040172,-80.97688185426455
199,25.015654579896108,-79.42216446840044
200,10.884114423963524,-79.17702793388148
201,-16.75699879059517,-78.70621797297915
202,-69.85868946986446,-77.50652900316086
203,-12.971083527899893,-76.82286336783437
204,23.475735217539494,-75.51476449104123
205,-207.14368632442822,-75.34582426697197
206,12.420874997703347,-74.47042502282078
207,-44.40360956804044,-72.00438589892705
208,-92.99923504109144,-71.10812021870964
209,-7.559664698676426,-69.94646462018983
210,1.3131714902078546,-69.61523514534169
211,-5.816154072197684,-68.45873683539871
212,-48.747174645300284,-68.05055420558018
213,-49.26197794105683,-68.42880810097795
214,-6.484202954525269,-67.85858495121867
215,-37.52742462875155,-67.47016135731329
216,-53.30977900810006,-67.45025618022247
217,-14.30315963460841,-66.41449585753118
218,36.73258586264147,-65.62159478197967
219,-13.149954186135513,-65.2698343391098
220,-31.760906932673134,-65.78065947973526
221,16.484693184041078,-62.26932023731021
222,21.054727159969037,-61.76197944158584
223,-16.56670390745793,-61.111592425963416
224,-3.577390318256816,-60.8061544100504
225,-45.41724276072584,-60.896047414885516
226,14.545176371191486,-59.67817481624408
227,-13.120957042087957,-59.09653228001757
228,-28.15502471298901,-58.742619917358454
229,-39.75525265204792,-57.108046631740436
230,-0.2531842528937416,-55.998445203595985
231,-6.319986612483592,-55.04077880760886
232,-6.4271747926236245,-54.14049640031561
233,-10.688481135829296,-53.59972503862803
234,19.931695917938598,-49.784541208770094
235,1.2150854433870926,-49.66559210446299
236,8.405594895425747,-49.17491416709565
237,8.996181012940461,-47.71980114539587
238,-104.78350118081632,-48.157570690801585
239,21.639067969076347,-47.19288381306551
240,-31.779896096584636,-46.88837790276657
241,-36.09849436098454,-46.105610215276485
242,-32.93598197093074,-45.73066394037728
243,2.8634432302691737,-44.24311008693002
244,-40.46543381227966,-44.54687045108598
245,-66.73829107352185,-44.836375972969
246,-55.917084211330845,-44.66804821455158
247,36.72711066299786,-43.398994776790644
248,-21.04012578070034,-40.24630618538629
249,-36.89962041069018,-40.208549838682224
250,-7.143723224791906,-38.199438307778976
251,-93.48580728119884,-38.9872709138667
252,-35.66114576768177,-38.35122996646166
253,16.95518015229976,-38.12782452974112
254,23.783544700811923,-37.753467625517516
255,20.297166404288706,-35.188890021887914
256,-32.6534270511979,-34.81076719663529
257,16.74186703693914,-33.99599368776762
258,9.198667791858313,-33.50353425943691
259,9.365832536903689,-32.57875103502853
260,-66.02508638577122,-32.81753714504305
261,25.48404174637558,-32.380863080849934
262,-1.7973916077961765,-31.74896050625585
263,-40.338611482466185,-32.28594562611726
264,-18.374736318491163,-32.58443413899662
265,-40.580489948622635,-32.35837493794389
266,-30.198991334837324,-31.967639600737538
267,-30.07373261769307,-31.989048068954407
268,-20.002581076182747,-31.3128123931931
269,29.62847005070961,-29.580918110505813
270,-42.66060004593625,-30.209843548214057
271,-15.675431628148132,-29.720980014433806
272,18.7790530693851,-29.648465133710655
273,9.712221739105171,-26.50219454000124
274,8.73166119759166,-25.96700811479283
275,-51.89242157591809,-25.976758655301854
276,-23.74197207654329,-25.552930263144372
277,-113.0192813734743,-26.386990423650882
278,32.44195178218189,-25.700015208789413
279,-47.883687276291155,-25.627167397096102
280,-45.61013319462856,-25.06298920826347
281,-87.59373484111907,-26.35939760390196
282,-2.390719420121111,-26.182967049948175
283,-5.0756324008949845,-25.44169294452761
284,-161.3132299591453,-24.299274149733897
285,-86.38201697095103,-24.863520121895462
286,-83.62797391872397,-25.403631207045287
287,-211.61689708404197,-27.261357310129416
288,-33.418136234631554,-26.676808238973628
289,-56.49629072503453,-27.09074942844134
290,-35.37244028641685,-27.165247307769327
291,-43.65357240738189,-27.25130181302349
292,186.2394996146757,-25.21253806253355
293,3.4576009739515907,-24.924772469086818
294,-22.28026136562365,-23.40989375924203
295,-187.94225192764407,-25.271805047723266
296,-18.742400228731665,-24.703637822381342
297,-29.61212583209241,-25.03149458133539
298,-13.839687015797569,-24.726484791789353
299,-16.519596564715542,-25.14183730323547
300,-31.156176634655615,-25.562240213821664
301,17.455594734253967,-25.220114278573174
302,31.463078575648705,-24.206896598118043
303,-11.048161761174676,-24.18766738045079
304,178.6539354709096,-22.635885377917084
305,9.325533149943906,-20.471193183173362
306,-30.100023028796173,-20.896402163438356
307,38.12515506375747,-20.071114517120378
308,59.68868400750904,-18.544235326634375
309,-2.6551771201679166,-18.49519045084929
310,-42.95408209440297,-18.9378629866954
311,61.99011253083218,-18.2598003206651
312,-58.94838422150189,-18.361812416427117
313,66.25523471493621,-17.206640289867185
314,-53.88677019245371,-17.68066596224647
315,37.48503703522915,-16.930541345606663
316,28.286666426127624,-16.114576891264388
317,58.20833270715716,-15.389461967846733
318,10.178533795423704,-15.65500248851891
319,11.27780571183768,-15.41072488953918
320,1.3224868452890028,-15.079890951759559
321,-64.93505239712457,-15.894088407571216
322,1.8860509754933077,-16.08577516941597
323,86.58872088380356,-15.054220921503356
324,69.35918373341536,-14.324855180986633
325,25.498116814237573,-13.615701585236998
326,23.420922412529173,-13.526944124823622
327,33.708368237318176,-13.058650872029562
328,24.320304608078054,-12.533897578818895
329,77.62788146986153,-11.3600662375998
330,-15.31563477910273,-11.51069074286189
331,14.123066433851895,-11.306260212398536
332,-104.27477715993629,-12.284736236071662
333,63.96210457590396,-11.538230378954326
334,32.787854623519145,-11.409668791898518
335,8.044124208210643,-11.341378404250284
336,5.761247758160256,-11.36782187562294
337,-19.299730226091437,-11.650780988013258
338,18.248848983365978,-10.420457486371436
339,-8.78408767297778,-10.724689042791976
340,-69.78402627653227,-11.104730344591452
341,-13.278715397626657,-10.876532554957873
342,161.33453713556403,-8.933827363892926
343,21.582568382071724,-8.746636112374901
344,9.022091505888863,-8.251760859193217
345,206.44954446841123,-5.519882503773886
346,166.51431126669758,-3.2955685489936006
347,196.81565560054906,-1.6946830996180893
348,70.76940617276955,-0.7765877800833914
349,231.195702522464,1.9043654492481517
350,198.55642196601724,3.9613669011562433
351,9.847597497823989,4.994700948946471
352,216.74552034959135,7.518767610119203
353,155.40014361980596,8.903217244794265
354,272.18340346870684,11.387215832473213
355,-76.71033078221109,10.417140860608217
356,60.49882613112012,11.348663392431398
357,18.863944517063953,11.369884167232645
358,11.637194572211675,11.39426943503618
359,115.75944912342476,12.458205600901387
360,-24.090690571499945,12.877549559044104
361,-67.88479914256456,11.943861150154698
362,74.74503496383267,12.709285415870989
363,119.68203443815513,14.309491875077203
364,135.75357856275912,15.850775023889705
365,35.97958738618851,16.616375797237815
366,191.45144821467042,18.832880192732894
367,247.53102356366475,21.60892775454647
368,68.58161349223687,22.494769700230666
369,128.29411683239752,23.48142616804755
370,81.12847524290474,24.719316920935956
371,66.84125283538121,25.54448376557125
372,13.246454234448532,25.489157777221884
373,64.65179245650845,26.038553484395912
374,96.0206669062626,26.911443541482626
375,91.98662730067524,28.350234030248558
376,-12.403785682501988,28.46361589418897
377,61.11937100646398,30.205002417988354
378,11.773483841348936,29.998317738580027
379,29.69675058572849,30.77412211720022
380,255.49736141619837,33.785197063308495
381,105.25478993615297,35.71368231108121
382,116.26307314901968,36.900220236772626
383,197.42086510366363,38.92518521181822
384,191.70176810657642,42.45533519247543
385,241.71922427023443,45.73634760488728
386,85.04931952143039,47.42312053928882
387,185.4469870402446,51.39375938053169
388,218.85154190995283,53.91645616197753
389,183.44978310696524,56.315916900297545
390,225.48267100715694,58.924468013233266
391,220.3721834740282,61.56472557204738
392,221.92981975761336,61.92162877347674
393,223.79566072400013,64.12500937097724
394,229.59713572633282,66.64378334189679
395,254.46690938172924,71.06787495499053
396,235.66132704840652,73.61191222776192
397,219.91334621709746,76.1071669482538
398,217.81565926842455,78.42372041109603
399,196.75632112699333,80.55647958801312
400,76.36934458732627,81.63173480023295
401,227.3092114504828,83.73027096739523
402,231.12283255080285,85.72686850714678
403,185.61623508378761,87.69351247559639
404,206.44785951778601,87.97145171606515
405,211.30980695743827,89.99129445414012
406,187.05097351650596,92.16280441959312
407,220.6070851880701,93.98762372083625
408,185.08113568737252,95.24154823763489
409,207.4720864669536,97.3428208735061
410,238.39784859832596,100.15634018043342
411,186.27166188198743,101.39915567394495
412,219.3202111005348,104.18184162716533
413,219.1451707679259,105.71074098769519
414,228.71366692789468,108.5367453588987
415,242.87578952663088,110.59065288381271
416,193.13581233781574,112.2391443429296
417,232.6616815467018,113.98367783132504
418,226.68479250330637,116.14874041840389
419,205.47821222162926,118.09074448350178
420,223.1602351715211,120.30912196676411
421,198.3215908590338,122.94168839932568
422,253.04069920279196,125.45323488159866
423,262.73339803503234,127.21468165311094
424,188.19968128563573,128.40308662863313
425,219.73090421860854,130.34541450267687
426,199.9841112886943,132.1110463914385
427,241.04621485213934,134.18442485758675
428,246.4230301314507,136.40545211282048
429,192.57570193436044,137.55493031746545
430,199.33517634531876,139.70143842870968
431,187.4830742622946,141.4350385069941
432,242.80897059272763,144.90587598452072
433,236.73493168362953,146.633604255598
434,262.94263875960087,148.9351520969588
435,228.78133955237638,151.14252425040047
436,220.60824128066992,153.29099418562558
437,206.19973081138428,155.54598879600033
438,123.45555220817201,156.5980558282484
439,250.97013202514603,159.1955980252296
440,249.7005069790658,162.3904433577856
441,220.38497751998923,164.72708028696175
442,240.32365977434722,165.5169715133496
443,247.666084819127,167.77780667772015
444,223.4559504790793,169.92214526745204
445,218.07418218912963,170.03839164465916
446,250.7256343747533,170.88050487573975
447,215.63334837064065,171.06868180344065
448,254.50095360049113,172.90599727771792
449,253.19685218708273,173.1260087743641
450,268.4340518343756,173.82478507304768
451,263.08020809497464,176.3571111790192
452,-29.01746468421416,173.8994813286812
453,242.8487120537634,174.77396701302075
454,246.49385932006334,174.51707157153433
455,224.37291041863074,177.5279039835427
456,280.2213696381532,179.72512941861308
457,232.5190563407488,181.86168053684986
458,263.6903323731306,184.3822119148591
459,281.5383674922683,186.04000109854744
460,209.002160908387,188.37092961334642
461,204.84163165884638,191.09819392136052
462,-17.493094571363855,190.17581262600856
463,245.294536212141,191.43193764374834
464,229.74285214725194,192.3718303795933
465,142.24157416274426,193.43445024735888
466,258.17935306195255,194.10172929583172
467,229.5853874819766,193.9222729350148
468,254.03567970926014,195.77681359718505
469,233.35618036872063,196.82743423254828
470,234.9267288642373,198.36541676876158
471,241.92429686973423,200.1162472091051
472,260.1513933172977,202.58529659993354
473,243.00392088064655,204.36881788417494
474,213.43719450642402,205.54298316017656
475,218.40426341848695,206.80715952135472
476,269.0223260399995,209.62142063857974
477,213.78723121110056,211.1480992406261
478,236.5266044436804,213.39563044664936
479,259.79636247734595,215.69662656556557
480,195.7093651450288,215.0987466028539
481,263.07549109801886,216.67695361447255
482,244.36518698987777,217.95797475288117
483,252.95008678585097,218.51326696970304
484,203.4548734584427,218.63079802322164
485,255.66926258112335,218.7702984063306
486,205.78303687316674,219.9776355798479
487,223.35364718647082,220.35670218131017
488,225.16094133300743,220.4197961755407
489,223.72221434285834,220.82252048789968
490,224.01702459592275,220.80786402378735
491,241.0494245027642,221.0146364340747
492,257.6738298624981,221.37207653512357
493,218.41594681458318,221.3182793960294
494,251.01620250496524,221.5324700638157
495,221.6253783458066,221.20405475345643
496,186.25321760710509,220.7099736590434
497,253.95334072629052,221.0503736041353
498,222.45311165519377,221.09674812800304
499,233.28776098714383,221.46206252660454
500,220.46741605898958,222.9030432413212
501,254.1375725485704,223.1713268523021
502,254.42798896414132,223.40437841643546
503,237.57964084642157,223.92401247406178
504,253.8439013117692,224.3979728920016
505,219.26238829907857,224.47749870541801
506,262.47812428593085,225.2317702131123
507,269.8240597812593,225.72393995904415
508,265.1434406168456,226.52456300833884
509,61.17280635152133,225.06157020718456
510,223.5259997060856,224.91285171826215
511,260.56434648520815,225.65577856429437
512,203.46177047783925,225.4971941580674
513,228.81142104318883,225.59385666082005
514,218.11549002668295,225.48787489180796
515,242.04943064201882,225.47961130296187
516,253.33688238427203,226.0816220034264
517,213.33831885190847,225.88838837647847
518,220.6907378920592,225.82844783036597
519,-92.14892351335777,222.85217647301607
520,201.5524784976211,222.63609890627708
521,251.74147568517876,223.17029775453855
522,244.65621462365073,223.08645290874716
523,245.527072982392,222.91438965822076
524,236.43029856287424,223.3966958309931
525,-91.28390565200132,220.286547732287
526,246.5215938665725,220.75192255806581
527,262.2732332891221,220.96419274243559
528,221.20180241336556,220.7119804652547
529,208.20910454143035,220.86831449132544
530,279.91295870152805,221.67409231488753
531,215.59159038194352,221.95517747608403
532,255.76039139879944,222.0846916841448
533,241.64372091288152,222.13377957643723
534,237.20337813764885,221.87638697021777
535,247.377346893575,222.06234704362976
536,215.60884894362968,222.01235312025935
537,267.25358024078287,222.62289161455337
538,267.52366627188155,224.06357275519048
539,240.11000894955893,223.9549715244346
540,281.8080017789081,224.276046472433
541,243.44971504731149,224.50669384770623
542,264.7390488676451,224.7508477386392
543,227.59231828491838,224.5501100732971
544,251.15617696069467,224.8271123381133
545,210.18233362033004,224.74819385242532
546,253.1211471453159,224.7721489801309
547,262.8109455118789,225.2439249515433
548,253.04805069129935,225.2293959224514
549,230.81849163580054,225.00561231693857
550,234.49482164062124,224.66622001500102
551,246.5099954051062,224.50051788810234
552,260.84641515462044,227.39915668649073
553,243.00775787533436,227.4007471447064
554,249.95160111554472,227.43532456266118
555,252.81434686834504,227.71973892715832
556,267.38461387962366,227.59137136957307
557,241.1527491246091,227.67770829741167
558,209.1412165080877,227.13221713876118
559,169.9906649280565,226.0167401131191
560,268.68182539603936,226.61353675799563
561,269.30325373041967,227.25815297871137
562,235.06185771526495,229.78370250157764
563,176.61268038257694,229.09688394328202
564,244.77068496524984,229.24716227146192
565,262.35966582729907,230.44834318810746
566,257.21010723677057,230.43865072985568
567,267.1414471357489,230.81421132639338
568,264.04473518988226,230.91430188119963
569,268.70410354082014,231.26778111292063
570,251.64219815929945,231.43493580587128
571,249.86211719331757,231.51431400910712
572,241.1673559904347,231.32447363583847
573,245.64024482046662,231.35083687523667
574,280.9376179007111,232.02584110917957
575,288.00009800624673,232.72179945505718
576,247.00593285911438,232.50163552324832
577,226.87568006510315,232.63252001178833
578,254.74186769643555,232.81467264431592
579,230.58909422286465,232.52259996177108
580,233.70214503200444,232.90252776064085
581,235.21268107479722,232.62389966040865
582,287.6972346390513,233.05722013690036
583,242.6073048378296,232.95379231742015
584,251.9537221798105,233.43878080463378
585,224.42127996731946,233.12630097849575
586,229.65858158749253,233.365056425639
587,254.13786215951325,233.67289857536943
588,230.64607500740462,233.72774991211344
589,125.36660985048698,232.74419386718972
590,241.80128937176883,232.92203651494813
591,280.85802344110516,233.32012250433155
592,261.3048379456875,233.35643258516345
593,220.7968707432056,233.38024182444968
594,230.36983120768895,233.1737781114769
595,272.1169202035867,233.6786935300547
596,234.3910438937289,234.1600717929209
597,180.25555315864844,233.4230939172445
598,276.3867486890765,233.9624302875833
599,222.6232131088041,233.85578480879994
600,258.1223180425744,234.23233382863577
601,134.33782073621973,233.0343363105123
602,241.10711609768163,232.90112758184767
603,251.39890724370542,233.03932024582056
604,203.44907830650345,232.53537201576793
605,230.01282772471092,232.64287641002426
606,264.2164298272404,232.66025946543735
607,246.52309891999778,232.42724985682472
608,255.94515775289628,232.3352670281852
609,232.31079356583587,234.04664690032837
610,255.13041575662356,234.36269106083375
611,-81.74580679841515,230.9395895279975
612,281.84878745709483,231.7234596977901
613,276.5317048149536,232.20066253550772
614,255.86762864413794,232.57818392168224
615,170.28513251139807,231.8605409403761
616,256.21631625313177,231.88933527906465
617,-89.56382111876522,228.8603138793579
618,244.78247467343027,229.1012312471716
619,234.64086142199616,232.36912909652514
620,279.73302969720237,233.1509346085209
621,254.58094366505637,233.1793292883197
622,237.03666590027075,233.10313380108593
623,267.1807167459387,233.31967023872141
624,231.53356854612028,233.27070293855388
625,93.64324008254903,235.11997439589936
626,285.28949354045676,235.5076533926382
627,272.6876561119609,235.61179762086664
628,260.0447397235496,236.0002269939685
629,210.33938493789776,236.02152979793317
630,206.05566375582498,235.2829568484761
631,248.4130828555698,235.61117177321236
632,242.38877804144593,235.47745563963883
633,192.98834772745298,234.9909019077845
634,213.47797230377216,234.75364784944568
635,274.0833568952118,235.0207079494621
636,222.13571193281388,235.08597657935397
637,273.3319341386233,235.14676011833234
638,253.40339601408942,235.00555741575442
639,230.1481349699701,234.90593867595854
640,259.55304377093137,234.68338909587882
641,240.86624868280208,234.65755443223372
642,244.58969465316574,234.4560608900889
643,185.82279643763434,234.03836567161608
644,203.75129592242627,233.5643168612334
645,259.2852760906393,234.0553462859365
646,11.634206274623438,231.64047687722953
647,260.6025549727091,231.6183929718378
648,220.5557039397396,231.29346950432225
649,265.66368464164873,231.64192143438075
650,239.82178951772826,231.69519111315182
651,268.84996201006345,231.91859077920137
652,264.7387651894602,231.95751427954977
653,284.6157831419797,232.37359453221626
654,206.79871536604318,231.9420656747212
655,262.0220349052913,232.03414255509068
656,274.1104648815026,232.10140106510946
657,274.0472606501045,232.43034618036444
658,233.08292519349607,232.6697632672185
659,240.72775111156466,233.3771341290536
660,271.39503176878895,233.4042661927811
661,242.06697139822992,233.13190336945917
662,295.434309908439,233.73562789139098
663,236.36924181618127,234.333193505727
664,219.66731258339337,234.08215978190844
665,273.0686772840245,234.1892498964757
666,233.50345752100483,233.952183399318
667,215.88543796274928,233.43962330758802
668,244.99129368750965,233.24908889256426
669,262.2492916606775,233.18454077376285
670,263.74732049909005,233.30559199716075
671,256.04687062063846,233.36743953143394
672,254.6613514301632,233.50237948583126
673,255.42090512467936,233.6001860888734
674,259.6708337250398,233.38751824711667
675,287.27791332038987,233.38029640025812
676,232.39802898782344,233.2342173615452
677,276.121981369865,233.72668037459283
678,213.12948042820443,233.3105565019105
679,222.46641401308779,233.22932969981272
680,268.77908238422395,233.5800990733349
681,268.4585120793281,233.9125573833802
682,240.2882287554888,233.43846732454458
683,234.5739327595237,233.3581336037615
684,295.5630597100005,233.79422697906338
685,206.01434073864232,233.61015758677667
686,245.09369265187843,233.7645086974205
687,236.4961967626199,233.58809204345155
688,115.81955840919225,232.43982687746947
689,245.6925026533989,233.64308580549852
690,193.68389778428215,233.16191188962367
691,223.1341540197875,232.58467319541052
692,134.7950586716116,231.31957540266976
693,109.49849144560883,230.2065916096938
694,257.75215386401453,230.480414836257
695,96.31943915069438,228.72244002572813
696,256.32039250083477,228.9417335117992
697,239.995795120103,229.53913593141377
698,251.69311119511104,229.29219955647412
699,229.58576760312258,229.3618251014173
700,242.40727243542156,229.2046746453458
701,278.77240085722383,230.6490204465558
702,230.47078935552074,230.5426571791342
703,238.60216452503317,230.41468975194744
704,271.1140555058531,231.09133952394095
705,204.97475093847714,230.84095875607858
706,232.42627461592988,230.52305720396546
707,227.01336568203004,230.32795987158576
708,241.77889688590358,230.18629726291587
709,277.0854593265899,230.6340439205234
710,244.1234083945091,230.52397384690227
711,261.0783458188793,233.9522153730752
712,130.92111562319613,232.44293865473625
713,227.70985377843238,231.95472014437107
714,236.7019877204729,231.7630637351344
715,275.52141602344136,232.81542657025486
716,203.99226425416947,232.2931860502652
717,123.6988262530164,234.42581252398307
718,260.39759437223483,234.58196372097112
719,246.93316381110353,234.70488674486216
720,265.5297839686589,234.56285428757673
721,276.1631905942344,234.77867675686852
722,223.30816866659876,234.64139178453178
723,250.7775200487758,234.4773598175601
724,195.99972358693273,234.12202136796827
725,243.93380618822582,235.62492702902506
726,236.7727925906176,235.1397600195267
727,218.83741652390722,234.60125762364615
728,207.69132741026235,234.0777235005133
729,241.02573877924834,234.38458703892675
730,244.63547191562827,234.7703851205248
731,253.23375056446278,234.81859179761378
732,250.03110828576558,234.89501510005692
733,189.55624833704235,234.8606941061528
734,277.02692327963155,235.4961836159114
735,229.6248186051145,235.05159823301045
736,210.87728972189583,234.93901401090122
737,265.42110915507567,234.85990576106576
738,105.42895069576984,233.38016130788256
739,191.1134118374196,232.98981407655708
740,268.3895012080201,233.07817865092798
741,244.39212281438398,233.11343739224378
742,139.0847970310254,232.05838841602238
743,213.4058182541207,232.33421863418724
744,118.69613703000691,231.48366704526302
745,254.42624040290994,231.43507668838575
746,250.70464338518013,233.8257810594913
747,238.71636053097563,233.606919115074
748,246.10967119565586,233.86245878763316
749,278.6312707466228,233.99213464868288
750,252.4951100728992,234.11886785423462
751,237.3573842138847,233.8039420762728
752,272.89148240808834,233.8854692484591
753,211.00476053267175,233.149359022366
754,276.97872859794006,233.85115915468498
755,232.4549655470158,233.55548846110224
756,248.90003661837295,233.3033841784709
757,275.8871919837403,233.32178349180728
758,255.94430986252877,233.55039733849756
759,252.9854398983296,233.67297422636526
760,271.4826672378572,233.67385058105594
761,178.90602554619073,233.0422411225356
762,243.46149634112385,232.5225129868624
763,145.84114201345716,231.6172319888352
764,234.11087123336208,231.76166757533485
765,265.5831749691404,231.686812552186
766,132.57842098104703,230.67756218678642
767,208.60375172692807,230.60474532442825
768,243.57037291040606,230.5905361166572
769,198.37342734274245,229.95177747347785
770,247.94050669705413,229.7937093354575
771,96.46733092390997,228.1979139384902
772,226.89889728268668,227.92028939701547
773,284.9933701820612,228.2160140475893
774,285.3232502505741,228.47253821284463
775,285.6837534419227,228.45659661405992
776,160.08495446450826,227.73346586882678
777,202.4102698380256,226.99634875350839
778,257.9476043680611,227.44452999290698
779,41.06136906049866,225.63047954338109
780,262.8512367216149,225.571201086755
781,239.5552657054461,225.28216862301616
782,274.3229933733701,225.62251626919496
783,230.04659589646423,225.57724290056433
784,265.6127153565464,225.2777394570298
785,244.288240647758,225.66047845612098
786,282.7616591640186,226.03715812124238
787,196.1255317897843,225.633451471514
788,289.50141571637664,227.37027004458582
789,272.739988743659,227.64074490548848
790,241.87616771445664,228.1226676047902
791,238.21492530904246,228.27347531768274
792,271.461335310488,229.6401380840715
793,266.0654759078442,231.20580792869384
794,200.5705045441481,230.63399143549515
795,223.0558373114746,231.90135541710296
796,232.24699515797604,231.6606214436744
797,251.6667078276079,231.77733057074943
798,264.11191258446445,231.901518584643
799,224.74694000416414,231.8531303086534
800,248.85263405645452,231.91758392486372
801,262.6096831609917,231.75595674790137
802,237.7909172569188,231.82915802691537
803,270.1539979170709,232.14467636083577
804,264.8628008859504,232.0821638146367
805,249.39750130534009,232.52639131830531
806,247.09589221282957,232.67308749427434
807,116.71069858287333,231.57006082328277
808,250.31098008731828,231.6553816552969
809,225.9220184446042,231.14374724647712
810,46.496260041385085,229.16747576294583
811,110.68671603490766,227.66355946510615
812,256.86997706618536,228.92304807953602
813,279.85154019363245,229.444464943688
814,249.49897598211874,229.57243482630446
815,257.09974772151713,229.38821814328523
816,244.37105146012695,229.79200601534478
817,243.41308276174237,230.98914858043204
818,277.02859620064504,231.15545859871617
819,229.13219341301112,230.9774488947352
820,2.5166164656603343,228.3473172197053
821,275.0371042745145,228.3360563565081
822,234.88465777891196,228.4518212476312
823,239.13317422551825,228.33537778939865
824,269.0977836668296,229.06635839019756
825,259.60524540125226,229.22307278232785
826,268.2592703662883,229.53793756008454
827,247.04200323318884,229.81998342717742
828,-19.352107278550704,227.5495490802893
829,284.51710514585955,227.98446274395536
830,243.91575590252594,227.97726558382433
831,131.59613284857164,226.76088940666546
832,217.21862340463406,226.43276455785414
833,197.73418153174498,226.51454388980116
834,244.28941960926596,226.18716885309755
835,239.9472484146804,226.29039315119317
836,248.41879253683516,226.66580817934252
837,205.13682158409634,226.06296530363278
838,259.2433235339708,227.60110903201476
839,246.88428205225657,228.15881773416314
840,95.53015885148862,226.4302243105978
841,252.74814741831077,226.51378455663712
842,299.24779782934814,228.1154145646203
843,296.9966690974414,228.9513230730535
844,297.33903572041635,230.73775205995756
845,234.859185790902,230.54208151383747
846,308.5049086104651,231.12008416609035
847,261.63621256197496,231.34928268640036
848,266.8770622525002,231.5569565969688
849,106.04765316103247,229.83112042111293
850,290.9814660316,230.21598398069992
851,207.74760770985435,229.91988621565963
852,255.723934109318,229.74821073267194
853,285.48271195698464,230.49299024691507
854,263.7518996245535,230.3607219571812
855,198.5174893961367,230.02134719567243
856,258.2076200517007,230.11442303000567
857,206.4976216942102,229.42052732711036
858,244.45725033414328,229.30565673182653
859,282.7410204962389,229.60321253780563
860,256.47334344050745,229.4531192998321
861,202.48535456360244,229.68891259000625
862,242.43605630261962,229.6786581896212
863,271.75754678260284,230.93782223731264
864,263.20509662648385,231.22876449124388
865,263.24700202604174,231.20540276181288
866,270.1125930746441,232.58074448274886
867,247.03960846794283,232.965103050159
868,252.84473518793044,233.0578466729342
869,268.7197647426737,233.76131004693354
870,276.0166266842599,234.04207124680556
871,262.4319700315158,235.7017176378817
872,151.8053789284316,234.9507824543391
873,269.19498758428495,234.79279862836137
874,98.4454531760886,232.9240206576165
875,224.19604124562096,232.3091435356535
876,242.59638217928335,233.13425781280122
877,243.35242490268618,233.54367936344784
878,296.4695163595996,233.92889848336318
879,260.07999116798726,236.11908470443805
880,-30.107727685924075,233.1894950603627
881,243.2560719440954,233.2265031227492
882,298.3995513953924,233.46726870296942
883,255.55216441054426,233.72232438811022
884,268.4335773697022,233.7505330082418
885,280.91500018132876,234.1168006035775
886,300.7974228169247,234.29715824010657
887,277.90989238199194,235.11500184602863
888,247.91942425186411,234.69918193138355
889,254.00977208021578,234.51187976474907
890,213.03756878186476,234.22349377542312
891,244.85235481287452,234.28986807046147
892,283.47869083058714,234.41004162566244
893,237.33896399837147,234.12277650656776
894,258.06851802174236,234.6977566413437
895,297.86005057031053,235.44579877393204
896,277.3527375511136,235.89685619786346
897,300.5206002308033,236.38539512189539
898,237.1083135473858,236.11535913152463
899,246.14610651282632,236.3293507966112
900,224.37940071865347,236.08461846323323
901,241.14551065354325,235.86997673815875
902,176.9822206659075,235.26188977224868
903,237.27588403437142,234.93310863342163
904,268.51938837828123,234.9696745083449
905,224.62990440445606,234.72199853933608
906,307.45862671211796,235.32562588432899
907,246.4928927889348,236.6234478263896
908,273.51374515290286,236.85547547704545
909,210.94658309055183,236.70572112350493
910,263.78156112486784,238.87857413433971
911,260.8274101468054,240.37998107545872
912,289.2534352767923,240.70381565756475
913,237.46660562342333,240.27996631186264
914,227.2390338884943,240.05736689092643
915,271.2897318282366,240.19926673199362
916,240.57013794836837,240.16125759687606
917,220.63359523599277,239.93346272161853
918,251.96703066195172,239.68284706623163
919,268.89815225633566,240.0805066546649
920,269.81475787667716,242.75348806877503
921,217.03796620392717,242.17349668806918
922,239.52836653125658,242.2199337755926
923,283.0912361512633,242.65951439485008
924,265.60134227617095,242.62454998094347
925,262.6520777983285,242.65501830491428
926,284.3005385042931,242.81543098629427
927,269.03076361466094,243.03531859010903
928,255.84552400747455,245.78729490296925
929,269.16292844086274,245.63375313591933
930,254.00935308615271,245.73468910775557
931,260.0925576374242,247.01965335564412
932,247.24928784340682,247.31996000003178
933,251.94369821703165,247.8620551668847
934,250.4122226462035,247.92328319725402
935,284.33358549480135,248.3671465680552
936,237.33195909450296,248.25627823363192
937,265.73887388684483,248.8622987566594
938,261.593695506049,248.8858024763802
939,236.92042672512767,248.78616392310892
940,256.45590389168444,250.39542137351089
941,247.79642197555236,250.34590411908331
942,244.20955416143423,249.79552168240411
943,277.93081368203474,249.60486312825012
944,227.86257027937256,248.91009847383964
945,138.93520746500107,247.95085869058065
946,248.80509217575843,247.35386052623355
947,255.27653364221638,247.29026373703596
948,276.10678272101813,247.38256094172112
949,105.23344139440115,247.37441882405486
950,253.58838310360147,247.00048799477486
951,257.5723706649824,247.49873562432614
952,275.6680348657741,247.69817663189068
953,8.840729648536723,244.93175680880623
954,213.49115108241085,244.42914932338485
955,238.32706447907194,244.82724507421418
956,240.70890698356928,244.65225794353285
957,255.48682116587037,245.14214993824942
958,266.7165972962363,245.36474340787035
959,239.92451627136612,244.93657836562164
960,278.5055622695128,245.1569005539117
961,243.25942652087636,245.56464127348445
962,272.3087520918898,245.86336823137714
963,289.4082232414312,246.03987499596545
964,289.8403393028848,246.30622742272942
965,276.54084974874036,246.43916589995646
966,257.5090296921087,246.31313026613105
967,217.67861392255998,246.01952032067726
968,237.8739475180681,245.86981244397856
969,277.9755125448718,245.9623699220006
970,33.63519768894051,243.5385556320474
971,276.76011044716086,243.68183703620386
972,126.70265121425513,243.4308097590621
973,238.84105295863367,243.1272704128056
974,268.74202413280454,244.8302361223727
975,293.320974276691,245.52148545268344
976,247.26713435114695,245.56819297440205
977,270.67411107624673,245.84140983613764
978,225.18168929195497,245.1285315654612
979,267.26716929477345,245.20040334672908
980,228.48158255676708,247.78629644915597
981,278.59764055385057,248.13971213525357
982,268.42520593987183,247.83996868069832
983,284.00172960548866,248.1244643326478
984,239.08843905504042,247.83101294950117
985,227.1660820913242,247.29352376860115
986,287.2665000341184,247.1582145407731
987,244.38681131236274,246.8229837300768
988,202.07399761346852,246.36452946369286
989,272.10239904840716,246.54545573337475
990,222.8738862890754,246.64381890844686
991,279.2319234631526,246.9876145949496
992,269.06283436592025,246.84345603030295
993,294.931683226751,247.41938322258673
994,264.3622793710524,247.48232083607985
995,262.05336130895444,247.12425394346624
996,214.2992094794662,246.49371866274979
997,275.0811847160214,246.239324507602
998,273.14074775723134,246.59964884970043
999,256.0731431385038,246.69891921595718
